,state_aid,reading_score,absent_problem,grades_offered,students_per_district,student_teacher_ratio,Graduation Rate (%),total students ,percentage_college_admissions_rate,percentage_of_dropout_students,number_of_4_years_experience_teachers,teachers_average_annual_salary,spending_per_student,counseling_services
Folsom Boro,"5,855,831",57,no,k-8,375,10.14,54,402,3.2,2.7,495,"$96,924","$18,833",1
Galloway Twp,"27,662,176",39,no,k-8,3087,10.3,Charters,"4,061",4.2,1.6,484,"$96,815","$21,923",6
Greater Egg Harbor Reg,"37,748,590",44.7,yes,k-8,3009,13.24,Charters,"1,050",52.8,1.3,101,"$96,762","$19,671",13
Hamilton Twp,"29,315,327",49,yes,k-12,2859,11.21,Charters,500,1.2,4.4,0,"$96,530","$17,995",5
Hammonton Town,"31,156,914",52,yes,k-12,3269,13.41,Charters,438,5.7,2.3,0,"$95,201",,6
Linwood City,"1,183,202",60,no,k-8,787,11.04,Hunterdon,"1,135",1.7,1.8,110,"$94,966","$20,169",2
Longport,"89,385",49,no,k-8,1170,11.12,Warren,"7,008",36.9,3,12,"$94,900",,6
Mainland Regional,"8,185,924",59,no,k-8,317,6.52,Bergen,"1,397",5.2,4.4,0,"$94,850",,9
Margate City,"504,806",73,no,k-8,621,10.18,Salem,278,0.4,0,39,"$94,370","$32,464",
Mullica Twp,"4,677,876",48,no,k-8,941,10.4,Warren,201,2,2,535,"$94,172","$20,442",2
Northfield City,"5,485,418",46,no,k-8,3694,11.45,Bergen,189,0,1.6,46,"$94,032","18,896",2
Pleasantville City,"78,544,456",39,yes,k-12,111,9.74,Sussex,879,42.8,2.6,11,"$94,020","$21,679",7
Port Republic City,"962,590",46.5,no,k-8,754,9.43,Monmouth,"1,666",8.3,1,31,"$93,516",,
Somers Point City,"3,301,645",42.5,no,k-8,479,6.93,Atlantic,"10,533",3.6,1.5,239,"$93,305","$24,457",3
Ventnor City,"1,159,698",55,yes,k-8,178,11.27,Atlantic,"3,728",4.1,2.6,0,"$93,235","$31,126",2
Weymouth Twp,"651,399",43,yes,k-8,897,12.04,Atlantic,148,1.4,4.7,199,"$92,940","$22,220",
Allendale Boro,"1,031,561",59,no,k-8,163,8.27,Charters,127,1.6,5.5,218,"$92,905","$19,349",
Alpine Boro,"287,364",74,no,k-8,673,3.01,Monmouth,"3,302",17.6,6.4,60,"$92,727","$34,094",1
Bergen County Vocational,"5,695,547",55,no,9-12,2790,11.53,Camden,"4,818",8.7,0.9,87,"$92,304","$34,542",19
Bergenfield Boro,"20,427,188",58,no,k-12,3698,12.66,Cape May,379,0.3,1.6,0,"$92,300","$19,882",4
Bogota Boro,"13,764,050",43,no,k-12,1337,12.31,Monmouth,879,6.7,2.5,41,"$92,275",,4
Carlstadt Boro,"696,616",52,no,k-8,510,11.72,Ocean,275,3.3,4,0,"$92,100","$22,083",2
Carlstadt-East Rutherford,"811,994",52,no,9-12,816,13.27,Camden,"1,969",32.7,8.8,194,"$91,874",,6
Cliffside Park Boro,"8,621,511",51,no,k-12,3089,12.36,Burlington,"1,877",4.1,5.8,8,"$91,684",,7
Closter Boro,"1,462,558",63,no,k-8,1190,11.75,Ocean,"2,505",0.9,3.3,63,"$91,153",,2
Cresskill Boro,"1,977,748",43,no,k-12,1710,11.67,Hudson,"2,151",9.4,0.4,0,"$91,090","$19,697",3
Demarest Boro,"849,087",44,no,k-8,767,9.67,Monmouth,583,23.7,5.1,54,"$90,934","$21,725",1
Dumont Boro,"12,823,681",53,no,k-12,2523,11.93,Ocean,"1,472",7,4.6,25,"$90,867",,3
East Rutherford Boro,"989,423",81,no,k08,761,9.41,Somerset,"6,218",23.9,5.3,0,"$90,036","$24,894",1
Edgewater Boro,"2,101,604",56,no,k-6,676,9.75,Essex,352,34.7,0.3,58,"$90,005","$18,000",1
Elmwood Park,"19,973,598",51,no,k-12,2579,12.77,Camden,664,1.2,1.4,18,"$89,875","$16,012",2
Emerson Boro,"1,333,121",47,no,k-12,1060,11.19,Monmouth,"1,622",89.3,0.6,18,"$89,643",,3
Englewood City,"9,746,785",54,no,k-12,422,10.89,Charters,392,9.7,0.3,201,"$89,292",,4
Englewood Cliffs Boro,"638,509",70,no,k-8,2861,8.77,Warren,"3,096",20.3,2.4,134,"$88,700","$31,122",1
Fair Lawn Boro,"20,615,966",56,no,k-12,5496,11.57,Charters,787,4.7,4.4,233,"$88,660","$19,184",6
Fairview Boro,"30,681,674",45,yes,k-8,1552,13.73,Charters,409,2.9,3.4,75,"$88,638","$13,766",16
Fort Lee Boro,"5,404,664",57,no,k-8,4037,12.18,Bergen,684,10.4,2.2,40,"$88,575","$18,052",6
Franklin Lakes Boro,"1,647,467",62,no,k-8,1201,8.34,Bergen,405,5.2,6.2,0,"$88,358","$30,184",6
Garfield City,"67,111,896",50,no,k-12,4788,11.25,Bergen,61,6.6,4.9,180,"$88,334",,4
Glen Rock Boro,"3,127,668",54,no,k-12,2577,11.59,Union,941,0.9,0.4,73,"$88,215","$20,520",4
Hackensack City,"36,631,374",55,no,k-12,5164,11.78,Ocean,"5,740",22.7,1.2,73,"$88,198",,4
Harrington Park Boro,"766,385",53,no,k-8,628,11.27,Camden,"1,895",3.1,2.6,127,"$88,195","$21,225",2
Hasbrouck Heights Boro,"3,381,393",56.5,no,k-12,1661,12,Camden,"1,471",10.4,4.1,168,"$88,149","$20,025",7
Haworth Boro,"524,692",56,no,k-8,454,9.46,Somerset,"2,035",2.7,3.6,56,"$87,815",,1
Hillsdale Boro,"1,377,792",50,no,k-8,1131,9,Hunterdon,"2,739",1.4,3.7,35,"$87,066","$23,440",4
Ho Ho Kus Boro,"1,135,458",47,no,k-8,553,10.86,Burlington,572,10.8,5.1,113,"$86,962","$19,649",1
Leonia Boro,"5,795,883",56,no,k-12,2054,10.72,Camden,"1,048",11.9,1.1,74,"$86,814","$17,712",8
Little Ferry Boro,"4,658,729",52,yes,k-8,852,10.27,Warren,244,10.7,0.8,169,"$86,675","$21,186",1
Lodi Borough,"35,805,929",57,no,k-12,3064,13.11,Essex,"3,164",24.9,5.3,37,"$86,469","$15,396",5
Lyndhurst Twp,"5,350,576",44,no,k-12,2615,14.1,Passaic,"11,440",17.2,3.4,369,"$86,459","$17,333",12
Mahwah Twp,"4,286,101",56,no,k-12,2758,10.49,Hunterdon,"3,500",3.7,1.4,50,"$86,445","$25,314",3
Maywood Boro,"1,975,505",53.5,no,k-8,1002,12.56,Bergen,97,5.2,0,262,"$86,000","$17,627",4
Midland Park Boro,"1,140,627",53,no,k-12,868,8.21,Morris,280,0.7,1.1,108,"$85,990","$27,156",3
Montvale Boro,"1,319,005",62,no,k-8,975,10.74,Morris,"1,453",3.4,1,365,"$85,740",,2
Moonachie Boro,"740,771",52,no,k-8,360,10.17,Burlington,"1,371",2.5,5.7,143,"$85,530",,
New Milford Boro,"4,076,227",55,no,k-12,2036,12.3,Somerset,277,1.4,9,352,"$85,409","$20,192",4
North Arlington Boro,"8,856,284",52,no,k-12,2099,13.09,Monmouth,668,4.2,2.5,48,"$85,243","$14,155",3
Northern Highlands Reg,"1,466,001",47,no,9-12,1261,11.16,Somerset,243,0.4,1.6,115,"$84,952","$13,490",2
Northern Valley Regional,"2,727,034",49,no,k-12,2295,9.72,Ocean,601,0.7,8.8,31,"$84,943","$40,335",13
Northvale Boro,"743,794",63,no,k-8,535,10.15,Cumberland,"2,057",1.9,0.8,96,"$84,911","$19,211",2
Norwood Boro,"789,910",65,no,k-8,580,11.05,Charters,"1,382",3.9,4,34,"$84,700","$16,389",2
Oakland Boro,"1,757,246",62,no,k-8,1320,10.05,Somerset,"1,793",3.1,1.4,122,"$84,594","$26,670",4
Old Tappan Boro,"901,598",66,no,k-8,758,11.61,Monmouth,492,8.5,2.8,62,"$84,589","$18,978",1
Oradell Boro,"956,688",70,no,k-6,773,12.47,Atlantic,394,1,9.6,173,"$84,422","$16,969",1
Palisades Park,"2,624,903",43,no,k-12,1778,11.28,Camden,"2,290",3.5,1.3,82,"$84,180","$18,086",4
Paramus Boro,"5,118,844",55.5,no,k-12,3557,10.6,Atlantic,"2,819",1.6,1.9,203,"$84,067","$26,044",18
Park Ridge Boro,"1,457,270",57,no,k-12,1174,9.58,Charters,320,4.1,1.4,36,"$83,972","$26,183",8
Pascack Valley Regional,"2,548,655",54,no,9-12,1715,9.77,Burlington,372,4,1.1,63,"$83,916",,6
Ramapo-Indian Hill Reg,"3,189,222",47,no,9-12,1880,9.53,Burlington,892,3.1,0.2,79,"$83,815",,3
Ramsey Boro,"2,983,078",53,no,k-12,2388,9.58,Burlington,"1,601",10.4,6.1,79,"$83,658",,7
Ridgefield Boro,"4,923,411",56,yes,k-12,2093,10.37,Burlington,189,3.7,1.6,68,"$83,631","$30,738",5
Ridgefield Park Twp,"15,437,083",50,no,k-12,1593,10.7,Morris,"7,383",5.2,1.2,29,"$83,401","$21,494",8
Ridgewood Village,"6,774,640",59,no,k-12,5487,12.23,Sussex,"1,139",1.3,2.9,123,"$83,343","$20,223",7
River Dell Regional,"2,633,055",39,no,7-12,1559,11.12,Essex,"3,072",59.6,1.1,105,"$83,147","$21,960",3
River Edge Boro,"3,777,747",63,no,k-6,1212,12.49,Hunterdon,590,0.8,0.8,87,"$83,096",,2
River Vale Twp,"1,279,020",62,no,k-8,987,9.99,Camden,"1,964",12.9,1.8,213,"$83,075","$23,415",4
Rochelle Park Twp,"931,286",57,no,k-8,471,10,Camden,299,11.7,7.7,41,"$83,055","$19,511",1
Rockleigh,"45,517",67,no,k-8,2487,11.13,Camden,399,3.5,6,23,"$82,963",,34
Rutherford Boro,"3,148,063",45,no,k-12,1811,12.1,Charters,531,1.9,0.9,115,"$82,878","$19,051",6
Saddle Brook Twp,"2,381,110",39,no,k-12,115,7.99,Cape May,"2,990",1.3,6.1,54,"$82,710","$19,857",
Saddle River Boro,"524,389",45,no,k-5,331,4.77,Cape May,"1,544",4.1,0.7,45,"$82,675","$40,444",
South Hackensack Twp,"499,267",43,no,k-8,249,10.16,Cape May,236,34.7,2.1,116,"$82,641","$22,891",
Teaneck Twp,"7,657,877",42,yes,k-12,3700,9.72,Bergen,158,46.8,0,275,"$82,460","$25,430",8
Tenafly Boro,"4,327,847",50,no,k-12,3421,11.17,Bergen,132,3,0,98,"$82,430","$20,279",13
Upper Saddle River Boro,"1,360,208",52,no,k-8,1094,9.6,Middlesex,500,5.4,5,155,"$82,370","$18,000",4
Waldwick Boro,"2,425,057",60,no,k-12,1584,10.59,Essex,"3,485",2.2,4.9,158,"$82,214","$19,495",5
Wallington Boro,"7,556,726",47,no,k-12,1176,13.12,Charters,"5,596",3.6,3.6,205,"$82,135","$15,432",5
Westwood Regional,"3,608,050",49,no,k-12,2781,10.77,Ocean,700,6.7,1.4,130,"$81,852","$21,079",6
Wood-Ridge Boro,"1,499,521",38,no,k-12,1227,11.98,Charters,"2,666",9.8,2.3,148,"$81,790","$15,487",3
Woodcliff Lake Boro,"897,254",35,no,k-8,773,10.59,Camden,"2,769",2.9,1.5,375,"$81,774","$23,025",3
Wyckoff Twp,"2,601,035",50,no,k-8,2016,10.87,Morris,412,1.7,3.6,117,"$81,700","$20,652",7
Bass River twp ,"624,562",55,no,k-8,334,9.03,Burlington,400,53.5,0,72,"$81,323",,
Beverly City,"6,380,701",54,yes,k-8,2209,11.57,Burlington,89,19.1,0,62,"$81,236",,
Bordentown Regional,"9,828,082",53,no,k-12,1821,10.09,Essex,"7,096",79.8,0.6,33,"$81,199","$19,951",5
Burlington City,"22,124,573",60,no,k-12,2069,4.74,Union,124,1.6,0.8,180,"$81,108","$21,420",8
Burlington Co Vocational,"17,162,374",57,no,9-12,455,13.41,Charters,"8,146",5.8,1.9,99,"$81,075",,
Burlington Twp,"26,963,177",43,no,k-12,3623,11.26,Gloucester,693,6.9,2,11,"$80,933","$19,639",7
Chesterfield Twp,"3,517,260",47,no,k-6,692,10.65,Gloucester,"2,876",1.4,2.7,42,"$80,910","$17,719",2
Cinnaminson Twp,"19,342,148",57,no,k-12,2900,11.87,Camden,"26,785",26.7,2.2,22,"$80,908","$18,665",2
Delanco Twp,"2,716,007",45,no,k-8,360,13.95,Bergen,582,65.3,0.5,275,"$80,886","$19,961",
Delran Twp,"26,723,560",60,no,k-12,2852,10.85,Passaic,437,9.6,0.2,242,"$80,793","$17,384",4
Eastampton Twp,"4,128,481",27,no,k-8,592,11.17,Hunterdon,587,22.8,1.9,81,"$80,761","$19,348",
Edgewater Park Twp,"14,156,311",47,no,k-6,1008,12.34,Hunterdon,423,26.7,0,107,"$80,515",,2
Evesham Twp,"6,773,130",23,no,k-8,4467,13.1,Bergen,78,25.8,0,67,"$80,479","$19,745",9
Florence Twp,"12,042,231",43,no,k-12,1445,9.65,Charters,"1,582",19.3,1.6,197,"$80,338","$18,443",5
Hainesport Twp,"733,146",54,no,k-8,532,9.85,Charters,"5,360",1.7,1,80,"$80,325","$18,911",2
Lenape Regional,"23,623,885",55,no,9-12,6485,11.6,Charters,"1,425",6.4,2.5,57,"$80,276",,38
Lumberton Twp,"4,721,940",54,no,k-8,1170,12,Camden,"1,041",7.2,0.7,129,"$80,248","$21,379",4
Mansfield Twp,"864,028",51,no,k-6,549,9.67,Monmouth,185,75.1,4.9,17,"$80,223","$24,702",
Maple Shade Twp,"24,188,902",52,yes,k-12,2412,11.02,Cumberland,"2,723",11,1.5,146,"$80,125","$19,503",8
Medford Lakes Boro,"1,233,813",43,no,k-8,487,10.52,Charters,326,0.6,1.2,133,"$79,995","$17,819",2
Medford Twp,"4,252,865",45,no,k-8,2727,11.79,Charters,"1,805",0.9,2.2,87,"$79,978","$21,159",8
Moorestown Twp,"5,412,056",47,no,k-12,3892,11.21,Middlesex,"1,362",55.7,8.4,113,"$79,950","$21,147",8
Mount Holly Twp,"14,033,569",49,no,k-8,1127,10.58,Union,933,0.4,1.4,266,"$79,900","$19,358",4
Mount Laurel Twp,"7,364,000",60,no,k-8,4309,11.46,Bergen,174,0,5.2,49,"$79,824","$19,393",13
New Hanover Twp,"2,228,821",62,no,k-8,186,9.59,Charters,"3,959",0.9,1.7,132,"$79,680","$25,243",1
North Hanover Twp,"17,829,739",54,no,k-6,1422,9.92,Cumberland,203,0,2.5,19,"$79,648","$20,391",2
Northern Burlington Reg,"23,463,469",61,no,7-12,2101,12.19,Cumberland,366,13.1,2.5,200,"$79,536","$18,472",2
Palmyra Boro,"7,098,442",29,no,k-12,1039,11.51,Monmouth,928,2.6,3.1,35,"$79,485",,1
Pemberton Twp,"67,989,696",38,yes,k-12,4331,11.64,Cumberland,"5,487",7.2,0.6,56,"$79,425","$26,574",17
Rancocas Valley Regional,"17,344,064",35,no,9-12,2005,14.19,Burlington,186,11.8,6.5,191,"$79,215",,8
Riverside Twp,"21,469,309",34,no,k-12,1536,11.96,Hunterdon,143,2.1,0.7,102,"$79,212","$17,816",2
Riverton,"548,200",37,no,k-8,261,9.35,Hunterdon,311,75.9,4.8,40,"$79,193","$17,718",0
Shamong Twp,"2,829,452",54,no,k-8,663,10.69,Burlington,"3,748",14.1,5.2,498,"$79,068",,2
Southampton Twp,"1,282,876",53,no,k-8,683,9.81,Gloucester,500,11,5.2,70,"$78,918","$20,957",1
Springfield Twp,"793,414",60,no,k-6,288,13.09,Bergen,219,87.7,0,143,"$78,820","$18,566",5
Tabernacle Twp,"2,641,666",56,no,k-8,688,12.58,Cape May,"1,482",43.8,0,26,"$78,815","$21,181",2
Washington Twp,"147,522",60,no,k-12,908,10.52,Morris,624,12.8,9.3,186,"$78,783","$21,128",20
Westampton,"5,072,008",32,no,k-8,3693,12.31,Gloucester,40,5,0,296,"$78,611","$27,623",2
Willingboro Twp,"51,559,840",35,yes,k-12,103,6.87,Charters,630,3.2,0.5,79,"$78,558","$20,241",6
Woodland Twp,"534,022",54,no,k-8,1354,10,Morris,"6,773",7.4,1.3,269,"$78,550","$19,317",
Audubon Boro,"9,951,424",45,no,k-12,532,8.47,Cumberland,687,3.9,1,18,"$78,544","$18,354",6
Barrington Boro,"4,556,834",60,no,k-8,1170,11.25,Charters,"1,936",4,5.1,90,"$78,538",,6
Bellmawr Boro,"10,458,789",32,no,k-8,840,11.05,Bergen,909,2,2,130,"$78,520",,3
Berlin Boro,"6,217,587",25,no,k-8,612,11.88,Middlesex,"6,191",34,2.3,67,"$78,444",,1
Berlin Twp,"6,234,605",23,no,k-8,3426,12.47,Ocean,"2,763",33.4,1.7,324,"$78,399","$23,179",2
Black Horse Pike Regional,"41,165,949",42,no,9-12,263,7.95,Hunterdon,295,96.3,0,114,"$78,381",,22
Brooklawn Boro,"5,421,733",46,no,k-8,6956,10.15,Middlesex,807,1.6,4.6,104,"$78,375",,
Camden City,"333,950,970",47,yes,k-12,2189,11.36,Gloucester,"1,617",3.2,4,23,"$78,355","$30,116",9
Camden County Vocational,"31,321,244",54,no,9-12,1465,11.79,Morris,861,0.9,4.6,49,"$78,316","$30,116",
Cherry Hill Twp,"36,377,427",54,no,k-12,10651,9.35,Hudson,867,4.4,4,53,"$78,246",,39
Chesilhurst,"1,552,558",65,no,k-12,605,10.92,Essex,834,0.4,1,12,"$78,210",,
Clementon Boro,"11,060,703",42,yes,k-8,2255,13.13,Charters,"6,009",3.5,3.4,43,"$78,202",,1
Collingswood Boro,"11,066,557",34,no,k-12,1898,8.24,Bergen,"3,012",8.8,2.2,43,"$78,172","$18,405",6
Eastern Camden County Reg,"10,704,565",45,no,9-12,280,14.24,Mercer,855,8.2,6.8,180,"$78,141",,8
Gibbsboro Boro,"2,240,277",34,no,k-8,2390,12.19,Burlington,222,0.9,0,11,"$77,944","$18,732",9
Gloucester City,"36,762,342",54,no,k-12,6516,17.28,Camden,"5,710",15.8,2.7,111,"$77,930",,7
Gloucester Twp,"64,825,488",56,no,k-8,1450,73.25,Monmouth,851,0.8,2.4,46,"$77,846","$17,613",17
Haddon Heights Boro,"2,282,914",57,no,k-12,2072,14.16,Bergen,734,11.7,0.5,73,"$77,775","$16,659",8
Haddon Twp,"9,962,936",52,no,k-12,2756,10.99,Burlington,163,0.6,1.8,61,"$77,755","$18,401",9
Haddonfield,"3,024,370",35,no,k-12,2247,13.44,Middlesex,"1,300",5.5,1.3,45,"$77,697","$15,891",4
Hi Nella,"1,415,364",36,no,k-12,189,13.49,Morris,"1,647",6.4,2,240,"$77,645",,
Laurel Springs Boro,"3,436,820",45,yes,k-6,342,12.35,Middlesex,"1,216",23.9,9.2,24,"$77,526","$17,847",12
Lawnside Boro,"6,050,714",47,yes,k-8,3098,9.5,Atlantic,"2,479",3.2,2.7,528,"$77,448",,1
Lindenwold Boro,"59,524,585",60,no,k-12,399,11.56,Atlantic,18,50,0,132,"$77,130",,3
Magnolia Boro,"3,544,423",54,yes,k-8,2889,10.15,Union,"2,619",2.4,1.9,709,"$77,100",,1
Merchantville Boro,"5,332,606",56,no,k-8,396,11.15,Gloucester,404,18.3,7.7,39,"$76,979",,
Mount Ephraim Boro,"4,553,404",53,no,k-12,430,10,Bergen,"2,839",2.6,5.7,151,"$76,961","$18,208",1
Oaklyn Boro,"3,571,294",35,yes,k-5,270,8.44,Salem,"1,226",4.6,4.6,120,"$76,960","$22,132",23
Pennsauken Twp,"77,448,446",37,no,k-12,4837,12.2,Charters,"4,971",1.6,2.6,24,"$76,945","$20,397",7
Pine Hill Boro,"24,075,521",58,no,k-12,1973,11.77,Bergen,"1,492",1.2,0.3,119,"$76,939","$20,431",4
Runnemede Boro,"7,195,392",59,no,k-8,830,10.38,Charters,"2,920",11,0.7,430,"$76,927",,2
Somerdale Boro,"4,455,152",47,no,k-8,444,10.02,Bergen,157,6.4,6.4,35,"$76,874","$20,081",1
Sterling High School Dist,"10,788,446",43,no,9-12,881,12.48,Bergen,609,6.1,3.6,15,"$76,698",,
Stratford Boro,"8,225,547",60,yes,,887,10.75,Charters,536,10.1,6.2,116,"$76,635","$17,579",3
Voorhees Twp,"6,081,445",45,yes,,3081,12.01,Charters,"1,233",4,1.6,101,"$76,577","$18,828",6
Waterford Twp,"13,130,858",47,no,,926,10.13,Essex,"1,501",8.8,1.5,123,"$76,566",,2
Winslow Twp,"47,700,875",34,no,,4869,11.04,Essex,"2,192",15.7,4.9,165,"$76,538","$20,429",9
Woodlynne Boro,"11,645,502",37,no,,418,10,Essex,350,0.3,3.4,14,"$76,514","$18,436",2
Avalon Boro,"67,254",36,no,,92,8.36,Atlantic,559,7.2,0,14,"$76,490","$65,267",1
Cape May City,"1,626,192",38,no,,158,6.35,Burlington,"1,618",92.6,0.2,165,"$76,425","$26,308",1
Cape May Co Vocational,"1,396,049",39,no,,239.5,5.99,Mercer,"4,761",1.5,2.4,29,"$76,409",,
Cape May Point,"2,027",45,yes,k-12,608.5,9.98,Monmouth,"2,319",33.9,0.8,27,"$76,320","$26,308",
Dennis Twp,"1,574,187",43,no,k-8,639,12.34,Bergen,"3,744",11.7,4,26,"$76,302","$21,853",2
Lower Cape May Regional,"4,056,959",54,yes,k-8,1126.5,11.02,Cumberland,403,4,3.7,22,"$76,271","$24,587",2
Lower Twp,"3,797,547",57,no,k-8,1430,11,Essex,990,8.8,1.4,301,"$76,221",,8
Middle Twp,"13,900,581",54,no,k-8,2550.5,11.53,Bergen,514,0.6,0.6,129,"$76,095","$18,044",3
North Wildwood City,"296,902",32,yes,k-8,165,5.79,Monmouth,"2,660",1.4,3.6,58,"$76,095","$38,333",9
Ocean City,"4,529,395",45,no,k-8,1834,9.89,Hunterdon,512,0.4,3.3,41,"$76,083","$18,000",8
Sea Isle City,"177,762",60,no,9-12,78,8.21,Burlington,690,3.2,2.9,59,"$75,995",,
Stone Harbor Boro,"51,952",34,no,k-12,1369,11.7,Morris,559,45.5,2.5,58,"$75,972","$32,860",5
Upper Twp,"4,652,149",54,no,k-12,82,8.54,Atlantic,599,29.4,2.9,186,"$75,950","$18,944",3
West Cape May Boro,"654,254",55,no,k-8,792,10.29,Bergen,425,16,4.2,71,"$75,906","$26,308",
West Wildwood,"53,997",56,yes,k-8,220,6.4,Charters,"2,274",3.7,5.5,341,"$75,895",,
Wildwood City,"1,912,821",57,yes,k-8,257,8.34,Sussex,"2,498",17.1,2.4,19,"$75,887",,1
Wildwood Crest Boro,"599,341",54,yes,k-8,173,13.29,Sussex,"2,086",6.7,3.1,10,"$75,825","$34,322",1
Woodbine Boro,"3,473,745",34,no,k-8,332,11.48,Bergen,89,14.6,3.4,1,"$75,777","$20,682",2
Bridgeton City,"126,520,588",45,no,k-8,443,12.57,Somerset,"2,105",7.6,0.6,19,"$75,729",,16
Commercial Twp,"8,846,023",47,no,k-8,344,14.11,Gloucester,"9,491",1.4,2.5,51,"$75,600","$29,096",2
Cumberland Co Vocational,"20,239,457",49,no,9-12,1556,9.29,Hunterdon,912,0.5,2.9,0,"$75,525",,
Cumberland Regional,"16,934,061",47,no,9-12,360,10.06,Warren,86,1.2,1.2,98,"$75,434",,
Deerfield Twp,"2,914,889",48,no,k-8,1280,12.29,Sussex,"4,762",1.8,5.8,115,"$75,395",,1
Downe Twp,"1,378,831",44.5,no,k-8,132,16.81,Charters,"1,107",2,0.9,0,"$75,387",,1
Fairfield Twp,"5,269,552",60,no,k-6,318,90,Monmouth,747,4,2.8,31,"$75,250","$21,769",1
Greenwich Twp,"576,814",57,yes,k-8,2440,133.83,Monmouth,"5,408",31.9,4.6,154,"$75,158","$26,872",2
Hopewell Twp,"3,863,980",46,no,k-8,1357,1.82,Monmouth,227,56.8,0,5,"$75,074","$17,492",1
Lawrence Twp,"6,533,635",47,yes,k-12,327,9.72,Warren,344,3.8,8.1,93,"$75,050","$22,088",14
Maurice River Twp,"5,811,675",51,no,k-8,161,14.46,Hunterdon,234,0,0.4,8,"$74,975","$18,089",1
Millville City,"71,997,937",36,no,k-12,1428,1.46,Atlantic,"2,146",5.4,3.2,76,"$74,963","$21,047",11
Stow Creek Twp,"455,065",44.5,yes,k-8,582,7.83,Bergen,948,17.6,4.2,29,"$74,927",,0
Upper Deerfield Twp,"10,053,443",42,yes,k-8,1499,11.65,Union,17,41.2,0,22,"$74,880","$18,863",3
Vineland City,"141,016,908",37,yes,k-8,900,11.89,Gloucester,"6,777",3.5,1.2,268,"$74,837","$17,655",20
Belleville Town,"54,384,062",40,no,k-12,186,10.99,Camden,"5,782",16.3,4.6,34,"$74,785","$16,969",
Bloomfield Twp,"48,647,386",53,no,k-12,193,10.45,Gloucester,253,1.6,2.8,51,"$74,754","$17,973",11
Caldwell-West Caldwell,"3,308,617",45,no,k-12,604,11.75,Essex,"6,673",23.7,7.2,63,"$74,665","$19,481",2
Cedar Grove Twp,"2,089,420",48,no,k-12,106,11.93,Bergen,"4,678",2.7,2.6,25,"$74,615","$19,599",4
East Orange,"175,087,372",48,no,k-12,370,11.6,Camden,970,1.3,3.1,6,"$74,593","$24,901",35
Essex Co Voc-Tech,"29,961,159",45,no,9-12,431,14.71,Gloucester,"3,594",1.7,3.2,31,"$74,571",,12
Essex Fells Boro,"271,825",47,yes,k-6,293,12.51,Gloucester,310,1.9,2.3,13,"$74,530",,0
Fairfield Twp,"952,647",51,no,k-8,1181,11.88,Camden,"3,976",6.4,5.7,27,"$74,502","$21,769",1
Glen Ridge Boro,"2,189,649",53,no,k-12,306,10.87,Charters,"1,231",1.4,2.6,32,"$74,460","$19,270",5
Irvington Township,"138,417,244",45,no,k-12,1090,10.26,Warren,"2,697",3.4,1.3,22,"$74,413","$18,661",14
Livingston Twp,"8,787,890",63,no,k-12,339,13.29,Charters,569,5.1,0.7,264,"$74,343",,22
Millburn Twp,"6,444,266",52,no,k-12,2124,0.92,Charters,"5,113",8.5,1.6,8,"$74,325","$21,059",4
Montclair Town,"8,757,817",56,yes,k-12,400,11.35,Atlantic,221,28.1,1.4,71,"$74,150",,15
Newark City,"1,149,975,941",48,yes,k-12 ,637,9.96,Somerset,360,6.9,3.1,575,"$74,142","$21,643",34
North Caldwell Boro,"964,947",75,no,k-6,299,10.72,Sussex,402,3.7,2.7,273,"$74,120","$19,915",
Nutley Town,"9,419,915",59,no,k-8,432,12.1,Warren,"1,062",29.2,7.4,425,"$74,104",,14
City Of Orange Twp,"110,474,193",54,no,k-8,281,13.7,Gloucester,"4,202",13.3,6.2,0,"$74,099",,8
Roseland Boro,"704,010",66.5,no,k-8,142,11.92,Cumberland,"4,618",6.6,3.3,124,"$74,095","$19,199",1
South Orange-Maplewood,"9,294,342",52,yes,k-12,852,11.18,Hudson,"1,487",1.2,2.6,598,"$74,004","$19,108",4
Verona Boro,"2,601,365",57,no,k-12,108,11.18,Bergen,252,1.2,7.5,87,"$73,958",,6
West Essex Regional,"2,669,840",46,no,k-8,571,15.48,Warren,697,5.3,1.6,130,"$73,945","$25,400",3
West Orange Town,"34,288,620",54,yes,k-8,433,9.66,Camden,"2,480",2.1,1.1,0,"$73,909","$25,004",
Clayton Boro,"18,260,805",47,yes,k-12,687,12.64,Camden,270,3.7,2.6,55,"$73,900","$16,932",6
Clearview Regional,"12,316,180",55,no,7-12,742,11.86,Camden,263,31.2,4.6,125,"$73,895","$16,592",3
Deptford Twp,"30,146,522",49,no,k-12,66,10,Burlington,"3,952",44.7,7,0,"$73,843","$18,148",13
East Greenwich Twp,"7,464,867",68,no,k-6,280,11.52,Passaic,285,5.6,1.8,358,"$73,810","$14,999",2
Elk Twp,"2,463,680",66,no,k-6,1553,12.03,Sussex,"9,236",8.5,0.3,327,"$73,750","$18,635",
Franklin Twp,"8,391,093",47,no,k-12,358,10.62,Atlantic,173,12.7,11,389,"$73,705","$21,826",
Gateway Regional,"10,762,475",38,no,7-12,580,10.51,Mercer,679,86.6,0,1839,"$73,660","$27,311",
Glassboro,"14,735,121",50,yes,k-12,1393,11.11,Atlantic,"2,030",5.4,8.5,58,"$73,657",,4
Gloucester Co Vocational,"14,583,105",55,yes,9-12,571,13.37,Hunterdon,"2,383",1.6,1.1,276,"$73,655","$18,023",6
Greenwich Twp,"805,726",57,no,k-8,328,11.91,Sussex,"35,664",42.6,0.6,313,"$73,643","$26,872",2
Harrison Twp,"5,430,972",48,no,k-6,337,11.47,Morris,299,79.9,1.3,36,"$73,500","$17,089",3
Kingsway Regional,"22,706,118",44,no,7-12,144,10.91,Morris,"1,535",6.1,2.3,0,"$73,493","$14,099",11
Logan Twp,"1,764,097",33.5,no,k-8,6476,11.53,Morris,"1,835",1.5,1.5,118,"$73,478","$19,880",3
Mantua Twp,"5,032,560",58,no,k-6,499,10.7,Sussex,"7,497",1,0.3,121,"$73,433","$19,288",4
Monroe Twp,"54,624,992",52,no,k-12,454,11.19,Warren,"5,940",21.6,3.1,0,"$73,405","$19,162",17
National Park Boro,"3,096,968",48.5,no,k-6,2058,5.86,Bergen,667,1.3,0.9,84,"$73,390",,1
Newfield Boro,"2,302,636",47,yes,k-8,1212,14.78,Hudson,619,2.3,0.5,138,"$73,364",,
Paulsboro Boro,"20,164,108",31,yes,k-12,1664,12.95,Gloucester,"1,117",9.8,10.9,281,"$73,283","$18,567",4
Pitman Boro,"5,508,314",42,no,k-12,434,12.96,Bergen,"3,271",18.7,0.9,86,"$73,254","$23,297",4
South Harrison Twp,"1,257,088",51,no,k-6,780,10.2,Charters,"5,271",82.9,0.4,86,"$73,208","$16,935",1
Delsea Regional H.S Dist.,"15,118,221",62,no,7-12,586,11.24,Bergen,799,2.4,1.5,0,"$73,185","$20,823",
Swedesboro-Woolwich,"11,860,272",56.5,no,k-6,673,11.58,Passaic,221,0.9,8.6,69,"$73,164","$17,592",5
Washington Twp,"42,120,028",46,no,k-6,297,9.17,Monmouth,"2,159",9.3,4.5,128,"$73,150","$21,128",28
Wenonah Boro,"196,348",40,no,k-6,424,11.59,Monmouth,"1,377",1.8,1,84,"$73,125",,
West Deptford Twp,"14,909,089",47,yes,k-12,471,10.71,Hunterdon,69,10.1,0,90,"$73,060","$18,139",7
Westville Boro,"4,224,331",48,no,k-6,187,10.88,Sussex,"2,395",1.5,3.7,38,"$73,051","$17,493",
Woodbury City,"24,017,685",47,no,k-12,135,13.74,Middlesex,914,1.3,2.6,87,"$73,015","$17,590",4
Woodbury Heights Boro,"1,468,892",48,no,k-6,153,10.14,Monmouth,506,1.4,0.6,131,"$73,004","$16,696",1
Bayonne City,"109,015,269",56,no,k-12,701,11.14,Somerset,605,1.3,4.3,60,"$73,000","$17,013",
East Newark Boro,"5,402,028",33,yes,k-8,286,3.09,Bergen,"4,094",2.8,2.1,93,"$73,000","$16,241",1
Guttenberg Town,"15,185,872",54,yes,k-8,273,0.63,Union,"1,333",0.6,4.5,369,"$72,937",,4
Harrison Town,"28,847,906",48,no,k-12,220,36.04,Bergen,233,3.9,0.4,20,"$72,877","$17,089",3
Hoboken City,"7,394,852",57,no,k-12,6319,10,Hudson,151,6,1.3,0,"$72,820","$29,746",3
Hudson County Vocational,"22,673,936",56,no,6-12,367,2.03,Charters,"2,102",3.8,0.8,0,"$72,810","$27,611",1
Jersey City,"133,637,556",47,no,k-12,311,0.52,Charters,"1,320",4.6,1.7,19,"$72,776","$22,233",42
Kearny Town,"68,284,766",45,no,k-12,351,9.51,Hunterdon,142,5.6,2.8,93,"$72,752",,9
North Bergen Twp,"61,841,569",50,no,k-12,630,10.24,Monmouth,"3,386",11.2,1.4,103,"$72,703","$19,050",7
Secaucus Town,"3,142,250",60,yes,k-12,300,11.11,Sussex,507,1,3.6,501,"$72,619","$19,486",4
Union City,"226,682,966",54,no,k-12,359,9.83,Charters,595,0.7,1.7,200,"$72,605","$21,091",23
Weehawken Twp,"1,752,691",53,no,k-12,608,10.02,Charters,235,1.3,0,28,"$72,563","$20,787",3
West New York Town,"126,700,785",57,no,k-12,591,12.95,Warren,"8,444",7.9,1.3,28,"$72,297","$18,101",
Alexandria Twp,"976,818",60,no,k-8,326,9.56,Cumberland,640,0.3,1.9,76,"$72,226","$24,432",1
Bethlehem Twp,"706,210",34,yes,k-8,244,9.68,Mercer,286,9.4,1,0,"$72,178","$24,000",2
Bloomsbury Boro,"969,043",47,yes,k-8,433,11.09,Monmouth,764,0.4,4.3,0,"$72,167","$23,806",
Califon Boro,"113,620",54,yes,k-8,424,9.67,Charters,274,0.4,1.8,0,"$72,119","$34,663",
Clinton Town,"981,728",45,no,k-8,6102,7.23,Hudson,341,26.7,0.3,10,"$72,007",,9
Clinton Twp,"2,270,220",46,no,k-8,482,10.77,Hunterdon,775,0.9,1.5,58,"$72,003",,6
Delaware Twp,"973,253",48,no,k-8,1194,10.21,Hunterdon,925,19.6,7.1,150,"$72,000","$23,985",1
Delaware Valley Regional,"1,434,280",34,no,9-12,1178,10.24,Charters,"3,771",1.5,2.5,152,"$71,883",,7
East Amwell Twp,"875,325",36,no,k-8,316,10.81,Charters,"1,207",0.9,2.7,167,"$71,770","$24,584",1
South-Hunterdon,"2,929,849",32,no,k-12,175,8.71,Essex,"7,146",3,3.3,1837,"$71,699","$27,995",4
Flemington-Raritan Reg,"5,546,642",60,yes,k-8,516,9.73,Ocean,"2,059",1.1,1,382,"$71,656","$22,720",8
Franklin Twp,"549,627",34,yes,k-8,79,11.12,Ocean,"1,450",8.8,1,442,"$71,630","$21,826",15
Frenchtown Boro,"295,215",54,no,k-8,522,9.86,Middlesex,"13,726",4.1,0.3,136,"$71,610","$28,404",1
Hampton Boro,"931,138",30,no,k-5,490,1.97,Morris,833,19,0.7,706,"$71,575",,1
High Bridge Boro,"750,671",47,no,k-8,374,20.15,Hudson,"3,735",10.3,1.3,681,"$71,565","$25,464",2
Holland Twp,"1,014,252",49,no,k-8,5011,10.28,Charters,"1,183",3.2,1.9,43,"$71,553","$22,453",1
Hunterdon Central Reg,"4,617,137",39,no,9-12,136,9.19,Charters,788,29.1,0.4,30,"$71,550",,18
Hunterdon Co Vocational,"933,283",34,no,9-12,969,12.26,Charters,"24,860",21.7,0,29,"$71,538","$26,929",
Kingwood Twp,"775,372",33,no,k-8,10236,8.33,Charters,"1,439",29.6,0.7,29,"$71,475","$22,158",1
Lebanon Boro,"155,856",32,no,k-6,5047,11.06,Agency,378,22.8,0,0,"$71,474",,
Lebanon Twp,"1,367,148",56,no,k-8,6367.5,8.72,Monmouth,"1,171",49.6,3.9,2,"$71,430",,2
Milford Boro,"193,255",56,yes,k-5,2525.5,8.28,Hudson,"4,730",23.1,4.8,4,"$71,395","$33,368",23
N Hunt/Voorhees Regional,"3,614,102",57,no,k-8,1539.5,11.17,Union,"2,128",37.1,0.8,0,"$71,286",,2
Readington Twp,"2,409,287",45,no,k-8,9184.5,10.74,Monmouth,"4,679",28,2.3,4,"$71,282","23,828",6
Tewksbury Twp,"1,389,219",43,no,k-8,2074,11.25,Charters,"1,666",2.9,5.5,1,"$71,225","$28,778",2
Union Twp,"660,745",49,no,k-12,247,11.34,Gloucester,385,83.9,0.8,11,"$71,216",,2
East Windsor Regional,"48,573,275",38,no,k-12,80,9.03,Hunterdon,"2,086",0.8,1,0,"$71,197","$19,259",2
Ewing Twp,"25,216,765",32,yes,k-12,703,9.45,Morris,"10,712",5,0.4,3,"$71,145","$21,943",6
Hamilton Twp,"109,271,095",28,no,k-8,1788.5,9.6,Camden,215,24.2,0.9,1,"$71,123","$17,744",30
Hopewell Valley Regional,"5,887,975",72,no,k-12,7575,10.47,Sussex,488,82.2,3.5,23,"$71,110","$25,969",8
Lawrence Twp,"6,442,083",33.4,yes,k-12,6439,18.19,Warren,"3,815",16.8,5.2,6,"$71,088","$20,566",14
Mercer County Vocational,"5,709,048",55.5,no,9-12,4695,9.17,Ocean,"1,856",31.8,4.6,0,"$71,007",,
Princeton,"5,348,358",56,no,k-12,6100.5,11.06,Sussex,"1,523",2.3,1.9,0,"$70,950","$24,898",18
Trenton City,"336,330,541",70,no,k-12,42600,7.95,Ocean,"7,119",27.4,3.2,9,"$70,804","$16,588",22
Robbinsville Twp,"10,119,558",29,no,k-12,678,6.24,Passaic,"1,262",3.6,3.1,8,"$70,760","$15,938",4
W Windsor-Plainsboro Reg,"14,493,990",39,no,k-12,4222,11.35,Ocean,"1,705",6.4,6,45,"$70,739","$19,913",34
Carteret Boro,"49,821,220",45,yes,k-12,5829.5,12.22,Camden,"7,665",26.4,0.6,4,"$70,634","$17,506",2
Cranbury Twp,"1,038,913",49,no,k-6,441,11.73,Ocean,"3,501",32.2,0.9,23,"$70,595","$28,458",2
Dunellen Boro,"15,939,663",47,yes,k-8,6891,9.62,Camden,"1,297",2,0.7,0,"$70,585","$16,971",2
East Brunswick Twp,"39,826,250",45,no,k-8,2163.5,10.55,Mercer,302,4,2.6,11,"$70,570","$20,676",11
Edison Twp,"73,507,998",42,no,k-8,1674,12.46,Cumberland,745,0.5,1.9,0,"$70,521","$16,805",22
Highland Park Boro,"6,416,165",34,no,k-8,6915,12.24,Charters,"2,766",0.6,1.6,0,"$70,500","$21,661",3
Jamesburg Boro,"10,893,725",45,no,k-12,1477,9.93,Charters,"1,663",2.8,0.8,10,"$70,497","$17,902",2
Metuchen Boro,"2,880,618",56,no,k-12,2110,8.73,Charters,101,2,1,0,"$70,445","$18,422",3
Middlesex Boro,"14,832,456",60,yes,k-12,1586.5,8.6,Hunterdon,288,95.8,0,0,"$70,435","$19,795",4
Middlesex Co Vocational,"19,381,915",61,no,9-12,4176,10.43,Hunterdon,423,2.8,10.4,16,"$70,430","$22,965",1
Milltown Boro,"5,553,394",24,yes,k-12,1224,6.3,Burlington,"3,764",6.2,6.4,0,"$70,359","$16,659",0
Monroe Twp,"11,170,497",50,no,k-8,347,9.92,Sussex,884,14.3,1.1,0,"$70,300","$19,612",9
New Brunswick City,"185,885,120",55,yes,k-8,875,11.64,Bergen,323,38.1,0,4,"$70,225","$20,904",13
North Brunswick Twp,"46,649,823",57,no,k-6,1916,7.82,Morris,306,15.4,13.4,0,"$70,184","$20,488",13
Old Bridge Twp,"26,870,989",53,no,k-8,535,11.48,Union,"3,946",35.4,3.9,0,"$70,134","$20,302",23
Perth Amboy City,"204,876,489",45,no,k-8,1641,10.67,Camden,"2,283",1,2.1,11,"$70,000","$23,556",35
Piscataway Twp,"21,836,042",48,no,k-12,423,12.54,Charters,"2,733",1,2.6,0,"$69,925","$18,608",4
Sayreville Boro,"41,503,852",49,no,k-12,1366,12,Atlantic,"2,047",24.4,3.2,0,"$69,747",,20
South Amboy City,"8,374,855",57,no,k-12,2941.5,8.39,Ocean,"4,614",2.9,1.9,3,"$69,740","$15,522",3
South Brunswick Twp,"15,684,951",54,no,k-12,820,7.38,Passaic,"1,482",1.3,3.2,3,"$69,655","$18,977",10
South Plainfield Boro,"16,357,405",52,no,k-12,1248,11.76,Bergen,"1,292",6,2.5,0,"$69,640","$19,161",7
South River Boro,"28,828,110",28,yes,k-12,5657,13.3,Monmouth,"1,184",5.9,1.4,8,"$69,565","$15,408",4
Spotswood,"6,603,982",23,yes,k-12,287,14.08,Essex,130,0,3.8,0,"$69,558",,2
Woodbridge Twp,"103,258,413",46,no,k-12,1271,8.66,Bergen,"1,672",3.3,1.6,0,"$69,550","$18,781",14
Allenhurst,"39,274",54,no,k-8,1128,10.44,Gloucester,"2,222",5.6,1,1,"$69,480",,
Asbury Park City,"20,702,767",47,yes,k-12,348,12.13,Ocean,"5,676",1,7,0,"$69,452","$40,306",7
Atlantic Highlands Boro,"309,066",45,no,k-12,1561,10.31,Monmouth,"1,154",1.3,4.5,0,"$69,445","$25,077",0
Avon Boro,"170,683",53,yes,k-8,1326,10.31,Morris,"1,582",1.1,2.3,9,"$69,425",,0
Belmar Boro,"727,912",55,no,k-8,7236.5,10.81,Warren,"1,238",2.3,3.7,0,"$69,420","$24,330",2
Bradley Beach Boro,"461,097",57,no,k-8,162,9.97,Salem,"1,106",1,1.5,6,"$69,407","$33,745",1
Brielle Boro,"871,767",54,yes,k-8,2799,10.37,Cape May,151,23.8,0.7,4,"$69,348","$19,504",1
Colts Neck Twp,"1,835,151",49,no,k-8,362,12.05,Cape May,334,5.1,4.8,0,"$69,178","$27,026",4
Deal Boro,"2,544,641",39,no,k-8,1708,2.65,Burlington,"1,371",15.3,0.9,0,"$69,120","$27,931",2
Eatontown Boro,"1,742,104",37,no,k-8,256,13.65,Bergen,290,0.7,3.8,2,"$69,097","$22,989",5
Fair Haven Boro,"1,099,538",46,no,k-8,10422.5,12.38,Charters,"3,136",2.2,2.2,0,"$69,081","$18,052",2
Henry Hudson Regional,0,47,no,7-12,236,11.87,Morris,685,33.9,1.3,2,"$69,078","$29,638",2
Farmingdale Boro,"541,292",34,yes,k-8,972,13.68,Camden,506,4.9,0,39,"$69,070","$21,925",1
Freehold Boro,"25,405,122",50,no,k-8,2477,11.68,Bergen,555,3.8,1.8,0,"$69,034","$19,424",4
Freehold Regional,"30,550,220",55,no,9-12,3501,10.21,Atlantic,"2,267",2.7,3.9,28,"$69,000","$19,951",0
Freehold Twp,"5,277,991",56,yes,k-8,2526.5,9.15,Monmouth,81,4.9,4.9,2,"$69,000","$22,439",8
Hazlet Twp,"6,795,610",45,yes,k-12,26023,13.55,Monmouth,469,2.8,4.3,0,"$68,977","$21,178",5
Henry Hudson Regional,"499,068",43,yes,7-12,5381,10.57,Ocean,"2,941",53,0.6,2,"$68,960","$29,638",2
Highlands Boro,"229,270",36,no,k-6,7114,11.1,Salem,"2,005",8.8,1.7,8,"$68,931","$28,427",6
Holmdel Twp,"4,725,189",38,no,k-12,2182,11.96,Warren,328,52.4,0,0,"$68,920","$22,279",4
Howell Twp,"20,601,309",39,no,k-8,12665,11.12,Burlington,"3,512",3,3.4,0,"$68,892","$21,638",11
Interlaken,"119,452",40,no,k-8,1308,9.63,Gloucester,993,0.2,1.3,12,"$68,830",,0
Keansburg Boro,"24,300,776",50,no,k-12,7923,7.13,Somerset,978,0.2,2.2,0,"$68,740","$31,803",4
Keyport Boro,"4,800,107",46,no,k-12,423,7.27,Burlington,810,3.2,4.1,0,"$68,700","$21,850",1
Little Silver Boro,"875,998",48,no,k-8,362,8.47,Atlantic,"2,595",2.3,5.3,6,"$68,650",,3
Long Branch City,"54,218,602",34,yes,k-12,98,9.9,Charters,"1,747",2.9,1.1,0,"$68,530","$22,456",0
Manalapan-Englishtown Reg,"8,154,718",53,no,k-8,84,12.3,Charters,162,1.2,11.7,0,"$68,529","$19,837",7
Manasquan Boro,"873,431",60,no,k-12,1174,11,Monmouth,"1,234",68.6,1.9,2,"$68,517","$20,243",0
Marlboro Twp,"7,498,856",39,yes,k-8,462,11.55,Camden,217,29,3.2,0,"$68,507","$21,239",11
Matawan-Aberdeen Regional,"14,246,781",49,no,k-12,406,8.95,Monmouth,707,7,5.3,0,"$68,499","$20,222",6
Middletown Twp,"13,200,485",60,no,k-6,665,12.46,Cumberland,133,2.3,3.8,4,"$68,458","$20,098",0
Millstone Twp,"2,941,663",62,no,k-12,378,5.31,Bergen,"6,177",15.1,4.6,0,"$68,433","$24,919",5
Monmouth Beach Boro,"234,592",54,no,k-12,3160,16.38,Burlington,"4,119",0.5,4.4,3,"$68,340","$21,352",0
Monmouth Co Vocational,"8,120,555",73,no,k-12,271,9.8,Burlington,"5,536",7.1,4.9,2,"$68,325",,17
Monmouth Regional,"1,843,991",58,no,k-12,101,10.99,Morris,125,2.4,0,0,"$68,249","$19,164",
Neptune City,"716,560",53,no,k-12,111,8.63,Morris,219,11,9.6,0,"$68,205","$22,669",
Neptune Twp,"12,775,170",23,no,k-8,351,11.92,Mercer,"2,267",3.8,1.6,4,"$68,181","$24,331",8
Ocean Twp,"5,563,580",43,no,k-8,512,10.25,Mercer,742,0.9,3.8,0,"$68,150","$22,823",7
Oceanport Boro,"811,452",54,yes,k-8,2374,8.86,Camden,643,0.9,2.5,0,"$68,139","$23,278",2
Red Bank Boro,"8,776,601",64,yes,k-8,578.5,10.93,Middlesex,479,1,1.9,4,"$68,134","$19,426",5
Red Bank Regional,"1,787,169",45,yes,k-8,344,10.89,Cape May,264,26.9,0,0,"$68,115","$19,426",
Roosevelt Boro,"946,764",54,no,k-6,89,9.48,Middlesex,492,25.6,5.5,0,"$68,095","$24,345",
Rumson Boro,"1,042,247",50,no,k-8,558,11.5,Charters,882,14.9,7.6,4,"$68,000","$21,549",2
Rumson-Fair Haven Reg,"1,275,361",55,no,k-12,66,11.43,Middlesex,109,62.4,0.9,0,"$67,811","$18,052",3
Sea Girt Boro,"149,542",52,yes,k-8,1920,11.58,Monmouth,495,8.5,1.5,0,"$67,805","$33,154",
Shore Regional,"891,348",47,yes,k-8,1397,11.17,Bergen,"1,936",0.9,3.1,34,"$67,727",,3
Shrewsbury Boro,"525,747",70,no,k-8,774,4.88,Hunterdon,"2,339",9.8,3.2,0,"$67,709","$22,040",2
Lake Como,"239,631",48,no,k-12,483,9.19,Essex,"1,077",10.4,1.1,23,"$67,683",,
Spring Lake Boro,"276,636",58,no,9-12,473,10.99,Monmouth,331,9.4,3.6,2,"$67,661","$37,481",
Spring Lake Heights Boro,"534,142",53,no,k-12,781.5,9.88,Middlesex,423,10.2,5,0,"$67,659","$20,434",1
Tinton Falls,"2,532,454",53,no,k-12,5067,11.24,Cumberland,"8,540",7.1,2.4,0,"$67,605","$23,422",3
Union Beach,"5,725,773",45.5,yes,k-8,3500,8.37,Charters,281,7.1,1.4,6,"$67,600","$18,390",1
Upper Freehold Regional,"4,087,342",45,no,k-6,12098,10.14,Morris,357,2.5,3.6,0,"$67,583","$19,961",8
Wall Twp,"5,302,925",59,no,k-12,3386.5,11.63,Monmouth,896,4.5,3.1,0,"$67,555","$23,812",3
West Long Branch Boro,"744,380",46,yes,k-12,3675,8.62,Monmouth,"7,103",27.4,6.1,51,"$67,548","$21,593",3
Loch Arbour,"22,137",47,yes,k-12,84,11.47,Monmouth,"3,356",12.2,2.3,34,"$67,470",,
Boonton Town,"3,888,199",57,no,k-12,433.5,8.96,Monmouth,"2,208",6.3,2.4,0,"$67,428","$21,918",3
Boonton Twp,"873,055",56,no,k-8,3767,10.06,Middlesex,718,1.3,5.8,35,"$67,402","$21,918",3
Butler Boro,"3,379,908",63,no,k-8,2968.5,10,Gloucester,"2,837",1.7,0.7,0,"$67,250","$21,125",2
Sch Dist Of The Chathams,"4,780,762",49,no,k-8,14935,9.5,Sussex,"3,172",1.8,0.4,8,"$67,248","$19,980",16
Chester Twp,"1,666,101",50.5,no,k-12,8923.5,7.3,Essex,"1,678",3.8,2.6,39,"$67,115","$22,309",3
Denville Twp,"2,916,066",59.5,no,k-8,3942.5,8.6,Somerset,176,0.6,0,2,"$67,098","$21,170",5
Dover Town,"56,526,760",51,no,k-12,438,10.21,Bergen,327,1.5,1.5,3,"$67,097","$14,681",
East Hanover Twp,"1,355,808",59,yes,k-8,1348,10.85,Morris,"2,227",10.8,5.7,19,"$67,014","$24,381",4
Florham Park Boro,"1,272,647",51.5,no,k-8,8122,13.11,Bergen,225,6.2,0.9,10,"$66,973","$22,362",3
Hanover Park Regional,"2,276,263",40,no,9-12,16811,9.8,Burlington,"2,200",1,1.6,0,"$66,951",,7
Hanover Twp,"1,719,210",61,yes,k-8,755,8.61,Morris,310,2.3,1.6,13,"$66,940","$25,243",4
Harding Township,"716,619",66,yes,k-8,1596,11.23,Morris,958,18.4,3.3,8,"$66,936","$30,585",1
Jefferson Twp,"5,105,647",45,no,k-12,696,8.32,Morris,262,0,1.1,0,"$66,904","$24,534",6
Kinnelon Boro,"2,767,647",52,no,k-12,2284,11.23,Morris,99,0,0,61,"$66,737","$26,368",4
Lincoln Park Boro,"2,009,872",53,no,k-8,2067.5,9.47,Union,114,0,3.5,0,"$66,733","$19,977",2
Madison Boro,"3,082,108",51,no,k-12,2129,9.77,Morris,854,10.3,6.2,15,"$66,732","$20,846",2
Mendham Boro,"570,877",58,no,k-8,806,11.27,Camden,"3,932",3.4,6.8,13,"$66,691","$22,305",2
Mendham Twp,"1,268,851",71,no,k-8,6857.5,9.97,Burlington,42,2.4,2.4,0,"$66,680","$25,037",2
Mine Hill Twp,"3,682,378",51,yes,k-6,9218,8.47,Burlington,225,1.8,3.1,2,"$66,575","$19,687",1
Montville Twp,"5,136,781",60,no,k-12,5925,9.98,Morris,782,2,0.1,21,"$66,527","$24,443",10
Morris County Vocational,"1,816,157",59,no,9-12,7923,4,Morris,"1,036",1,1.8,0,"$66,525",,
Morris Hills Regional,"12,103,090",40,no,9-12,10229.5,12.44,Union,"1,633",11.3,1.8,11,"$66,452","$26,415",15
Morris Plains Boro,"1,369,763",65,yes,k-8,7294.5,12.44,Atlantic,696,1.1,2.9,2,"$66,430","$21,656",1
Morris School District,"9,133,936",69,no,k-12,6385,12.74,Hunterdon,"4,374",92.5,3,2,"$66,428",,5
Mount Arlington Boro,"868,905",55,no,k-8,1173.5,10.78,Gloucester,324,30.9,7.7,0,"$66,336","$23,977",1
Mount Olive Twp,"34,706,288",47,no,k-12,7878,11.73,Monmouth,"3,509",34.3,3.5,5,"$66,295","$20,395",8
Mountain Lakes Boro,"1,302,638",55,no,k-12,3653,11.29,Monmouth,"3,683",1.3,4.3,2,"$66,223","$31,933",2
Netcong Boro,"2,447,355",47,no,k-8,2451,12.92,Morris,535,0.2,5.6,0,"$66,200","$20,298",
Parsippany-Troy Hills Twp,"10,592,617",51,no,k-12,1671,11.67,Middlesex,238,33.2,0.8,15,"$66,200","$21,690",24
Long Hill Twp,"1,258,184",56,no,k-8,13886.5,11.53,Burlington,387,9,6.2,10,"$66,192","$20,743",2
Pequannock Twp,"2,598,121",57,no,k-12,1404.5,10.35,Charters,199,7.5,0.5,0,"$66,169","$18,591",9
Randolph Twp,"6,957,114",59,yes,k-12,245,11.91,Bergen,512,16.4,2.9,48,"$66,157","$22,516",13
Riverdale Boro,"599,980",52,no,k-8,116,7.53,Union,"1,444",10.8,5.3,0,"$66,100","$22,038",
Rockaway Boro,"2,067,164",61,yes,k-8,57,10.2,Essex,"15,216",5,3.5,31,"$66,020","$22,740",1
Rockaway Twp,"4,031,485",53,no,k-8,398,11.6,Charters,978,3.7,0.3,41,"$66,003","$22,740",8
Roxbury Twp,"8,735,207",41,no,k-12,196,16.14,Sussex,"11,923",45.2,0.7,30,"$65,949","$22,762",2
Washington Twp,"3,685,673",49,no,k-12,478,12.54,Bergen,589,66.6,0.3,0,"$65,830","$21,128",
West Morris Regional,"3,814,662",48,yes,9-12,979,12.15,Hudson,292,0.3,2.1,35,"$65,706","$26,196",18
Wharton Boro,"7,793,683",42,yes,k-8,152,12.02,Middlesex,645,3.3,2.6,24,"$65,625","$22,180",2
Barnegat Twp,"25,694,371",37,no,k-12,1006,12.5,Essex,"12,231",1,0,0,"$65,556","$17,374",9
Bay Head Boro,"81,693",62,no,k-8,956,12.9,Passaic,317,33.8,0.3,37,"$65,528","$24,538",13
Beach Haven Boro,"342,149",27,no,k-6,171,10.87,Burlington,393,65.8,0,4,"$65,503","$28,592",
Berkeley Twp,"3,498,416",49,no,k-6,1586,4.11,Somerset,"1,911",15.1,1.9,0,"$65,488","$17,573",1
Brick Twp,"14,632,033",50,no,k-12,9981,13.66,Charters,"7,063",42.6,2.8,478,"$65,481","$19,005",8
Central Regional,"5,661,413",48,no,7-12,3453,12.91,Warren,432,2.1,0.9,0,"$65,449","$17,613",3
Eagleswood Twp,"562,892",57,no,k-6,2662,11.8,Cape May,236,14.8,6.4,363,"$65,389","$23,589",20
Island Heights Boro,"358,554",51,no,k-6,302,8.69,Burlington,436,59.2,0,4,"$65,385","$21,520",6
Jackson Twp,"27,861,779",46,no,k-12,160,11.92,Bergen,970,83.6,0.1,4,"$65,367","$21,308",2
Lacey Twp,"10,470,890",44,no,k-12,2878.5,10.15,Passaic,858,19.9,5.7,0,"65,338","$19,890",7
Lakehurst Boro,"6,864,309",46,yes,k-8,5714,10.42,Bergen,"2,216",3.6,1.2,26,"$65,280","$17,715",1
Lakewood Twp,"26,575,697",55,yes,k-12,1525,9.93,Atlantic,318,3.5,2.2,2,"$65,280","$31,040",
Lavallette Boro,"166,096",45,no,k-8,971.5,10,Bergen,"1,117",1.3,3.3,0,"$65,278","$25,851",4
Little Egg Harbor Twp,"8,834,762",50,no,k-6,716,12.38,Bergen,"1,442",0.6,3.5,54,"$65,178","$19,344",17
Long Beach Island,"838,484",52,no,k-6,5319.5,11.17,Essex,662,3.6,3.9,0,"$65,165","$35,970",
Manchester Twp,"5,372,064",49,yes,k-12,4635,6.57,Bergen,"2,981",2.1,2.9,30,"$65,155","$21,135",0
Ocean County Vocational,"5,585,095",42,no,9-12,1433,7.34,Camden,"2,215",2.3,2.5,3,"$65,112",,1
Ocean Gate Boro,"382,276",36.5,no,k-6,4483,9.18,Charters,361,93.4,0.3,3,"$65,057","$25,968",12
Ocean Twp,"1,748,949",38,no,k-12,3971,10.73,Cape May,"9,611",14.7,2.4,0,"$64,896","$22,823",6
Pinelands Regional,"11,943,782",35,no,7-12,8766.5,9.81,Ocean,383,29.5,4.4,43,"$64,889","$21,626",8
Plumsted Twp,"4,889,715",50.5,no,k-12,1165,11.3,Ocean,"3,033",11,5.7,14,"$64,879","$25,556",1
Point Pleasant Boro,"3,567,363",50,yes,k-12,258,8.89,Monmouth,"9,545",4.8,1.5,0,"$64,833","$17,363",2
Point Pleasant Beach,"610,581",56,yes,k-12,2061,11.08,Ocean,"1,596",1.6,2.4,14,"$64,833","$23,978",1
Seaside Heights Boro,"441,817",42,yes,k-6,892,9.78,Monmouth,"3,395",2.5,2.4,9,"$64,800","$25,113",6
Seaside Park Boro,"65,153",55,no,k-6,17,9.9,Sussex,"1,234",0.9,1.8,0,"$64,773",,10
Southern Regional,"3,935,969",43,no,7-12,280,10.86,Middlesex,604,3.8,1.2,17,"$64,695","$21,428",0
Stafford Twp,"5,300,798",50,yes,k-6,3322,11.77,Bergen,891,5.7,1.3,17,"$64,662","$18,165",7
Toms River Regional,"30,978,802",41,no,k-12,565,8.56,Salem,466,5.2,2.1,0,"$64,650","$17,449",7
Tuckerton Boro,"2,089,930",44,no,k-6,1220,11.16,Bergen,"1,747",6.5,1,44,"$64,628","$20,099",5
Bloomingdale Boro,"1,239,062",40,no,k-8,1275.5,14.55,Warren,"1,667",1.4,5.9,0,"$64,585","$22,174",3
Clifton City,"90,456,020",47,no,k-12,87,18.17,Charters,481,10,0.8,2,"$64,537","18,007",3
Haledon Boro,"13,637,130",45,no,k-8,919,11.93,Bergen,"7,124",7.8,2.9,10,"$64,472",,1
Hawthorne Boro,"4,778,522",48,no,k-12,848,13.03,Burlington,421,3.3,2.9,0,"$64,450","$19,943",0
Lakeland Regional,"1,746,442",39,no,9-12,138,15,Bergen,"2,000",1.7,2,0,"$64,387","$14,795",
Little Falls Twp,"1,233,022",52,no,k-8,547.5,22.71,Bergen,636,6.1,4.9,16,"$64,320","$19,771",5
North Haledon Boro,"722,334",48,no,k-8,453,11.73,Morris,"1,970",3.3,4.3,0,"$64,300","$20,054",41
Passaic City,"272,108,020",48,yes,k-12,141,9.56,Bergen,814,2.5,5.8,0,"$64,278","$23,407",1
Passaic Co Manchester Reg,"14,214,522",33,yes,k-6,262,13.25,Charters,"7,798",1.5,1.7,24,"$64,192","$21,921",1
Passaic Valley Regional,"2,153,850",29,no,k-6,1364,10.29,Passaic,"1,407",5,1.1,0,"$64,151",,23
Passaic County Vocational,"66,796,098",36,no,k-8,3200.5,21.94,Passaic,175,0.6,8,0,"$64,151","$25,882",3
Paterson City,"529,272,462",43,no,k-12,606,12.3,Passaic,98,4.1,2,9,"$64,140","$21,187",1
Pompton Lakes Boro,"10,026,664",53.5,no,k-8,2018.5,12.2,Passaic,"2,892",9.3,5.3,9,"$64,126","$20,734",4
Prospect Park Boro,"11,341,345",47,no,k-12,3139.5,30.86,Charters,"1,687",1.3,1.5,0,"$64,115","$18,194",1
Ringwood Boro,"1,733,616",46,no,k-8,567,14.71,Passaic,566,2.1,2.3,5,"$64,100","$24,619",1
Totowa Boro,"1,110,677",60,no,k-8,1520.5,24.7,Charters,"3,269",1.3,1.5,0,"$64,070","$17,765",16
Wanaque Boro,"1,327,463",49,no,k-12,407,11,Charters,"2,434",1.1,3.9,0,"$64,040","$22,326",3
Wayne Twp,"10,517,516",59.5,yes,k-8,1161,10.39,Gloucester,"7,796",1.2,0.3,8,"$63,836","$23,703",5
West Milford Twp,"5,571,517",39,yes,k-8,1024,13.21,Burlington,"6,594",37.4,5.4,0,"$63,761","$25,048",14
Woodland Park,"2,747,157",58,no,k-12,1690,12.15,Salem,997,27.3,9.4,0,"$63,654","$18,017",37
Alloway Twp,"2,505,810",58,no,k08,3484.5,15.79,Camden,"6,207",2.2,2.2,12,"$63,654",,7
Elsinboro Twp,"1,553,523",45,no,k-8,994,16.94,Salem,373,13.1,3.5,0,"$63,650","$20,405",2
Lower Alloways Creek,"327,920",55,no,k-8,29,15.24,Charters,"2,770",2.8,2.3,0,"$63,650","$26,406",2
Mannington Twp,"243,637",58,no,k-8,939,17.94,Morris,165,12.7,1.2,18,"$63,533","$38,455",2
Oldmans Twp,"2,626,960",42,no,k-8,1275,19.7,Middlesex,733,4.9,1,0,"$63,516","$17,384",2
Penns Grv-Carneys Pt Reg,"35,760,709",33,yes,k-12,1226,8.61,Charters,267,1.1,3,0,"$63,505","$18,043",19
Pennsville,"16,771,399",48,no,k-8,298,13.29,Charters,892,11.1,0.2,17,"$63,500","$20,104",6
Pittsgrove Twp,"18,069,458",47,yes,k-8,2641,18.43,Warren,261,1.5,1.1,0,"$63,400","$19,721",3
Quinton Twp,"3,329,109",44,yes,k-12,1645.5,14.43,Camden,"3,338",81.6,2.1,0,"$63,383","$20,496",1
Salem City,"20,836,774",37,yes,k-8,888,11.19,Ocean,135,9.6,2.2,9,"$63,272","$21,803",0
Salem County Vocational,"9,917,251",40,no,9-12,854,9.43,Middlesex,"4,547",55.4,4,9,"$63,240",,1
Upper Pittsgrove Twp,"2,623,580",49.5,no,k-12,2464,16.6,Gloucester,232,27.6,8.6,0,"$63,190","$19,721",0
Woodstown-Pilesgrove Reg,"8,675,911",61,no,k-12,488,20.83,Salem,"13,736",10.2,1.4,4,"$63,090","$16,805",1
Bedminster Twp,"1,168,729",72,no,k-8,788,12.05,Union,"1,523",36.2,8.1,0,"$63,000","$27,549",10
Bernards Twp,"7,379,157",61,no,k-8,367,13.08,Atlantic,229,4.8,2.6,0,"$63,000","$22,697",4
Bound Brook Boro,"30,312,611",39,no,k-8,3413,14.69,Ocean,729,0.7,0,10,"$62,893","$17,497",4
Branchburg Twp,"3,352,821",60,no,k-8,1521,31.11,Warren,"1,078",3.8,1.9,10,"$62,842","$25,094",1
Bridgewater-Raritan Reg,"13,554,948",58,no,k-6,2589.5,28.83,Ocean,129,3.1,1.6,0,"$62,840","$20,961",3
Franklin Twp,"21,506,144",47,no,k-8,600,14.91,Ocean,380,24.7,1.8,19,"$62,826","$21,826",
Green Brook Twp,"1,803,374",57,no,k-8,5620,16.56,Passaic,"1,226",4.3,2.1,0,"$62,798","$23,495",1
Hillsborough Twp,"20,642,528",51,no,k-12,350,28.73,Atlantic,"1,464",9.9,4.90%,0,"$62,738","$19,354",2
Manville Boro,"21,022,232",36.5,yes,k-12,4812,10.62,Charters,"1,899",0.3,3.50%,8,"$62,715","$16,643",2
Montgomery Twp,"7,843,652",66,no,k-12,1321,11.77,Charters,"1,117",41.1,4.30%,0,"$62,709","$20,856",9
North Plainfield Boro,"58,649,072",49,no,k-8,280,17.39,Mercer,"1,198",19.6,1.20%,0,"$62,702","$19,451",3
Somerset Co Vocational,"1,428,562",56,no,9-12,7149.5,21.19,Passaic,"1,345",3.1,3.50$,8,"$62,701","$19,164",4
Somerset Hills Regional,"2,298,892",60,no,k-8,2082,13.59,Charters,"1,324",0,2.00%,0,"$62,652","$23,780",16
Somerville Boro,"9,630,266",51,no,k-8,4249.5,9.53,Salem,"3,432",1.3,2.20$,0,"$62,613","$21,192",15
South Bound Brook,"6,272,025",47,no,k-8,287,11.74,Union,728,2.5,1.90%,27,"$62,543","$21,568",2
Warren Twp,"3,022,886",48,no,k-8,554,20.39,Bergen,867,5.3,1.30%,0,"$62,529","$30,519",12
Watchung Boro,"1,116,702",57,no,k-8,2420,18.82,Bergen,"1,039",8.8,0.40%,0,"$62,490","$22,325",8
Watchung Hills Regional,"2,439,898",48,no,k-8,3325.5,15.23,Burlington,"1,287",6.5,1.10%,4,"$62,475","$29,306",8
Andover Reg,"1,295,939",59,no,k-12,3518.5,13,Morris,22,12.9,0.80%,0,"$62,438","$22,193",6
Byram Twp,"2,418,834",54,no,k-12,2007,,Hunterdon,"1,895",4.5,2.10%,0,"$62,274","$19,544",
Frankford Twp,"901,351",51,no,k-8,2048.5,,Monmouth,"6,855",0.3,1.70%,12,"$62,263","$24,558",2
Franklin Boro,"3,442,968",40,yes,k-6,758,,Monmouth,309,1.9,1.20%,0,"$62,148","$21,952",1
Fredon Twp,"292,167",71,no,k-6,3601.5,,Charters,"1,647",0,1.20%,2,"$62,075","$24,910",7
Green Twp,"1,839,659",69.5,no,k-6,120,,Bergen,388,24.2,0.30%,14,"$62,064","$24,923",3
Hamburg Boro,"1,347,843",57.5,yes,k-12,63,,Bergen,311,10.6,0.10%,0,"$62,057","$25,218",10
Hampton Twp,"576,734",61,yes,k-8,2394,,Bergen,"1,499",19.2,0.20%,0,"$62,038","$17,044",2
Hardyston Twp,"1,238,744",60,no,k-8,8099.5,,Passaic,61,1.1,0.60%,5,"$62,010","$21,622",2
High Point Regional,"3,484,260",30,no,k-8,2197.5,,Bergen,139,21.6,0.90%,0,"$62,000",,2
Hopatcong,"2,716,165",26,no,k-12,150,,Bergen,"3,097",36.8,0.10%,0,"$61,916","$26,363",1
Kittatinny Regional,"2,029,038",29,no,k-12,135,,Bergen,588,14,1.40%,13,"$61,823","$30,394",12
Lafayette Twp,"803,469",47.5,no,k-8,7482.5,,Charters,106,11.9,1.30%,0,"$61,822","$22,888",0
Lenape Valley Regional,"5,319,005",38,no,k-8,3715.5,,Morris,122,6.3,0.40%,0,"$61,646",,4
Montague Twp,"2,135,063",58,no,k-12,404,,Burlington,"9,604",0.7,0.80%,10,"$61,620","$23,471",2
Newton Town,"13,032,241",47,yes,k-12,4201.5,,Burlington,52,0.7,0.60%,0,"$61,589","$20,648",3
Ogdensburg Boro,"1,982,573",53,no,k-8,160,,Mercer,52,32.6,0.10%,0,"$61,579","$19,684",7
Sandyston-Walpack Twp,"440,917",56,no,k-8,1676,,Charters,514,1.2,2.10%,39,"$61,570","$24,837",4
Sparta Twp,"5,763,479",51,no,k-8,189,,Bergen,"4,477",11.3,1.10%,0,"$61,515","$21,946",
Stanhope Boro,"1,113,251",65,no,k-8,2898.5,,Morris,"1,213",9.7,1.90%,0,"$61,020","$22,949",3
Stillwater Twp,"514,629",50.5,no,k-8,1426.5,,Morris,466,8.6,1.00%,2,"$61,000","$25,785",
Sussex-Wantage Regional,"5,777,626",35,yes,k-8,133,,Monmouth,"1,079",1.2,0.10%,2,"$61,000","$24,261",2
Sussex County Vocational,"4,197,167",29,no,9-12,581,,Essex,674,9.8,1.10%,0,"$61,000",,0
Vernon Twp,"16,510,446",48,yes,k-12,1534.5,,Union,360,1.4,3.00%,16,"$60,985","$24,127",
Wallkill Valley Regional,"3,277,529",40,yes,k-8,1122,,Union,"1,163",7,1.20%,0,"$60,975","$24,635",12
Berkeley Heights Twp,"3,027,816",56,no,k-8,629.5,,Charters,659,0.3,1.10%,0,"$60,879","$22,765",1
Clark Twp,"2,803,295",53,no,k-12,2615.5,,Morris,"2,348",4.9,0.40%,6,"$60,825","$16,827",1
Cranford Twp,"4,556,373",53,no,k-8,177,,Monmouth,"3,538",1.3,0.00%,0,"$60,757","$19,085",3
Elizabeth City,"532,961,132",52,no,k-8,2671,,Monmouth,"2,568",1.3,1.00%,6,"$60,716","$11,856",5
Garwood Boro,"701,643",48.5,no,9-12,2586,,Camden,"2,309",2.3,1.00%,14,"$60,583","$18,284",10
Hillside Twp,"34,967,331",47,yes,k-12,14289.5,,Bergen,813,16.7,0.10%,0,"$60,540","$19,573",3
Kenilworth Boro,"7,785,322",42,no,k-12,303,,Bergen,632,7.7,0.40%,14,"$60,508","$19,701",5
Linden City,"54,284,533",43,yes,k-8,641,,Bergen,"5,301",16.7,0.70%,2,"$60,470","$21,383",3
Mountainside Boro,"1,484,594",55,no,k-8,10904,,Salem,354,0.4,1.40%,0,"$60,470","$18,704",2
New Providence Boro,"2,895,412",45,no,k-8,1005,,Salem,304,0,1.70%,0,"$60,462","$18,109",15
Plainfield City,"246,081,549",54,yes,k-8,2177,,Salem,"3,534",0.5,1%,55,"$60,381","$25,125",1
Rahway City,"37,678,120",44,yes,k-8,840,,Sussex,462,0.8,1.50%,0,"$60,123","$18,523",8
Roselle Boro,"40,554,813",52,no,k-8,932,,Middlesex,"6,357",18.8,1.10%,11,"$60,107","$21,380",6
Roselle Park Boro,"19,249,850",52,no,k-8,615,,Morris,546,11.5,0.50%,5,"$59,785","$19,867",5
Scotch Plains-Fanwood Reg,"7,401,870",57,no,k-8,75,,Union,"1,230",10,0.20%,0,"$59,667","$18,056",2
Springfield Twp,"3,653,186",53.5,no,k-8,12084,,Monmouth,887,2.4,0.90%,5,"$59,623","$18,566",3
Summit City,"4,735,491",56,no,k-8,819,,Ocean,950,0.5,0.70%,8,"$59,525","$20,149",6
Union County Vocational,"17,505,113",55,no,k-8,4545,,Hudson,"1,069",28.2,0.40%,0,"$59,500","$15,825",2
Union Twp,"45,949,949",64,no,k-8,1060,,Burlington,"2,103",0,1.40%,8,"$59,443","$23,005",14
Westfield Town,"7,549,099",54,no,k-12,24090,,Monmouth,"3,294",2,1.20%,18,"$59,415","$18,960",8
Winfield Twp,"1,668,813",59.5,no,k-12,1714,,Monmouth,"4,664",1.9,1.10%,0,"$59,243","$24,738",4
Allamuchy Twp,"1,063,035",51,no,k-12,814,,Charters,708,47,0.90%,11,"$59,181","$20,302",5
Alpha Boro,"2,121,801",50,no,k-6,1022,,Camden,867,5.5,2.10%,29,"$59,083","$22,859",7
Belvidere Town,"2,531,769",29,yes,k-6,916,,Atlantic,"1,987",2.4,1.60%,0,"$59,011",,13
Blairstown Twp,"894,109",44.5,no,k-8,883,,Somerset,969,1.8,0.40%,0,"$59,000","$21,237",2
Franklin Twp,"299,222",53,no,k-8,7654,,Somerset,776,19.2,0.80%,23,"$58,950","$21,826",11
Frelinghuysen Twp,"207,950",65,no,k-8,2950,,Somerset,978,5,1.30%,0,"$58,925","$20,574",
Great Meadows Regional,"1,888,956",50,no,k-12,1276,,Somerset,"1,234",9.4,3.00%,0,"$58,769","$22,731",2
Greenwich Twp,"5,334,405",57,yes,k-12,289,,Middlesex,"1,123",4.4,1.20%,146,"$58,540","$26,872",
Hackettstown,"16,126,229",45,no,9-12,112,,Bergen,897,6.3,0.40%,0,"$58,449","$17,817",3
Harmony Twp,"392,530",40,no,k-6,161,,Somerset,"1,728",3.8,0.10%,1,"$58,250",,1
Hope Twp,"348,566",78,no,k08,286,,Middlesex,"1,213",61.1,0.70%,32,"$58,210","$29,961",15
Knowlton Twp,"337,872",37,no,k-8,2201,,Bergen,978,5,2.40%,0,"$58,101","$28,939",1
Lopatcong Twp,"4,303,009",60,no,k-8,1814.5,,Gloucester,928,1.4,1.60%,6,"$58,000","$16,576",2
Mansfield Twp,"3,617,731",67,no,k-8,1649,,Hunterdon,508,0.6,0.50%,41,"$58,000","$24,702",2
North Warren Regional,"1,240,718",27,no,k-8,281,,Essex,"1,127",3.9,0.30%,0,"$58,000","$26,077",3
Oxford Twp,"2,390,730",43,no,k-8,1234,,Middlesex,"1,593",16.1,1.60%,26,"$58,000","$22,068",1
Phillipsburg Town,"47,201,096",40,yes,k-8,180,,Middlesex,"1,098",2.8,3.00%,15,"$58,000","$20,307",
Pohatcong Twp,"2,612,592",61,no,k-8,784.5,,Burlington,650,0.7,1.30%,0,"$57,975","$21,930",
Warren County Vocational,"3,433,758",28,no,9-12,173,,Ocean,"1,096",1.1,0.40%,0,"$57,889",,1
Warren Hills Regional,"9,385,897",28,yes,7-12,341,,Sussex,557,3.6,0.50%,89,"$57,859","$22,687",1
Washington Boro,"4,477,311",62,no,k-6,1471,,Middlesex,887,5.5,0.30%,0,"$57,761","$18,661",5
Washington Twp,"803,768",46,no,k-6,428,,Monmouth,987,0.6,0.20%,70,"$57,633","$21,128",2
White Twp,"622,794",56,no,k-8,4730,,Monmouth,"1,583",1.8,1.20%,12,"$57,505",,
,,,,,,,Union,,,,,,,
,,,,,,,Burlington,,,,,,,
,,,,,,,Ocean,,,,,,,
,,,,,,,Sussex,,,,,,,
,,,,,,,Camden,,,,,,,
,,,,,,,Sussex,,,,,,,
,,,,,,,Cape May,,,,,,,
,,,,,,,Cumberland,,,,,,,
,,,,,,,Camden,,,,,,,
,,,,,,,Union,,,,,,,
,,,,,,,Sussex,,,,,,,
,,,,,,,Charters,,,,,,,
,,,,,,,Sussex,,,,,,,
,,,,,,,Sussex,,,,,,,
,,,,,,,Gloucester,,,,,,,
,,,,,,,Burlington,,,,,,,
,,,,,,,Charters,,,,,,,
,,,,,,,Charters,,,,,,,
,,,,,,,Bergen,,,,,,,
,,,,,,,Bergen,,,,,,,
,,,,,,,Hunterdon,,,,,,,
,,,,,,,Charters,,,,,,,
,,,,,,,Charters,,,,,,,
,,,,,,,Charters,,,,,,,
,,,,,,,Charters,,,,,,,
,,,,,,,Monmouth,,,,,,,
,,,,,,,Ocean,,,,,,,
,,,,,,,Passaic,,,,,,,
,,,,,,,Mercer,,,,,,,
,,,,,,,Charters,,,,,,,
,,,,,,,Ocean,,,,,,,
,,,,,,,Monmouth,,,,,,,
,,,,,,,Hudson,,,,,,,
,,,,,,,Union,,,,,,,
,,,,,,,Charters,,,,,,,
,,,,,,,Union,,,,,,,
,,,,,,,Union,,,,,,,
,,,,,,,Hunterdon,,,,,,,
,,,,,,,Charters,,,,,,,
,,,,,,,Charters,,,,,,,
,,,,,,,Charters,,,,,,,
,,,,,,,Cumberland,,,,,,,
,,,,,,,Monmouth,,,,,,,
,,,,,,,Salem,,,,,,,
,,,,,,,Bergen,,,,,,,
,,,,,,,Cape May,,,,,,,
,,,,,,,Atlantic,,,,,,,
,,,,,,,Sussex,,,,,,,
,,,,,,,Essex,,,,,,,
,,,,,,,Charters,,,,,,,
,,,,,,,Cumberland,,,,,,,
,,,,,,,Charters,,,,,,,
,,,,,,,Camden,,,,,,,
,,,,,,,Mercer,,,,,,,
,,,,,,,Bergen,,,,,,,
,,,,,,,Monmouth,,,,,,,
,,,,,,,Bergen,,,,,,,
,,,,,,,Sussex,,,,,,,
,,,,,,,Passaic,,,,,,,
,,,,,,,Warren,,,,,,,
,,,,,,,Warren,,,,,,,
,,,,,,,Somerset,,,,,,,
,,,,,,,Warren,,,,,,,
,,,,,,,Gloucester,,,,,,,
,,,,,,,Warren,,,,,,,
,,,,,,,Morris,,,,,,,
,,,,,,,Somerset,,,,,,,
,,,,,,,Somerset,,,,,,,
,,,,,,,Camden,,,,,,,
,,,,,,,Passaic,,,,,,,
,,,,,,,Hudson,,,,,,,
,,,,,,,Gloucester,,,,,,,
,,,,,,,Cape May,,,,,,,
,,,,,,,Gloucester,,,,,,,
,,,,,,,Essex,,,,,,,
,,,,,,,Monmouth,,,,,,,
,,,,,,,Passaic,,,,,,,
,,,,,,,Morris,,,,,,,
,,,,,,,Hudson,,,,,,,
,,,,,,,Essex,,,,,,,
,,,,,,,Burlington,,,,,,,
,,,,,,,Union,,,,,,,
,,,,,,,Gloucester,,,,,,,
,,,,,,,Bergen,,,,,,,
,,,,,,,Atlantic,,,,,,,
,,,,,,,Morris,,,,,,,
,,,,,,,Warren,,,,,,,
,,,,,,,Cape May,,,,,,,
,,,,,,,Cape May,,,,,,,
,,,,,,,Burlington,,,,,,,
,,,,,,,Union,,,,,,,
,,,,,,,Camden,,,,,,,
,,,,,,,Cape May,,,,,,,
,,,,,,,Middlesex,,,,,,,
,,,,,,,Gloucester,,,,,,,
,,,,,,,Gloucester,,,,,,,
,,,,,,,Bergen,,,,,,,
,,,,,,,Passaic,,,,,,,
,,,,,,,Burlington,,,,,,,
,,,,,,,Camden,,,,,,,
,,,,,,,Bergen,,,,,,,
,,,,,,,Salem,,,,,,,
,,,,,,,Bergen,,,,,,,
,,,,,,,,,70.7-72.9%,,,,,
,,,,,,,,,70.7-72.9%,,,,,
,,,,,,,,,58.3-60.1%,,,,,
,,,,,,,,,58.3-60.1%,,,,,
,,,,,,,,,40.0-41.2%,,,,,
,,,,,,,,,40.0-41.2%,,,,,
,,,,,,,,,67.1-69.1%,,,,,
,,,,,,,,,67.1-69.1%,,,,,
,,,,,,,,,39.5-40.8%,,,,,
,,,,,,,,,39.5-40.8%,,,,,
,,,,,,,,,80.0-82.5%,,,,,
,,,,,,,,,80.0-82.5%,,,,,
,,,,,,,,,68.5-70.6%,,,,,
,,,,,,,,,68.5-70.6%,,,,,
,,,,,,,,,92.7-95.5%,,,,,
,,,,,,,,,92.7-95.5%,,,,,
,,,,,,,,,64.8-66.8%,,,,,
,,,,,,,,,64.8-66.8%,,,,,
,,,,,,,,,37.3-38.4%,,,,,
,,,,,,,,,37.3-38.4%,,,,,
,,,,,,,,,77.9-80.3%,,,,,
,,,,,,,,,77.9-80.3%,,,,,
,,,,,,,,,52.6-54.2%,,,,,
,,,,,,,,,52.6-54.2%,,,,,
,,,,,,,,,74.6-77.0%,,,,,
,,,,,,,,,74.6-77.0%,,,,,
,,,,,,,,,97.4-100.0%,,,,,
,,,,,,,,,97.4-100.0%,,,,,
,,,,,,,,,83.2-85.8%,,,,,
,,,,,,,,,83.2-85.8%,,,,,
,,,,,,,,,61.4-63.3%,,,,,
,,,,,,,,,61.4-63.3%,,,,,
,,,,,,,,,55.4-57.1%,,,,,
,,,,,,,,,55.4-57.1%,,,,,
,,,,,,,,,56.0-57.7%,,,,,
,,,,,,,,,56.0-57.7%,,,,,
,,,,,,,,,17.3-17.8%,,,,,
,,,,,,,,,17.3-17.8%,,,,,
,,,,,,,,,46.8-48.2%,,,,,
,,,,,,,,,46.8-48.2%,,,,,
,,,,,,,,,38.8-40.0%,,,,,
,,,,,,,,,38.8-40.0%,,,,,
,,,,,,,,,78.3-80.7%,,,,,
,,,,,,,,,78.3-80.7%,,,,,
,,,,,,,,,47.1-48.5%,,,,,
,,,,,,,,,47.1-48.5%,,,,,
,,,,,,,,,55.1-56.8%,,,,,
,,,,,,,,,55.1-56.8%,,,,,
,,,,,,,,,87.3-90.0%,,,,,
,,,,,,,,,87.3-90.0%,,,,,
,,,,,,,,,68.9-71.0%,,,,,
,,,,,,,,,68.9-71.0%,,,,,
,,,,,,,,,45.8-47.3%,,,,,
,,,,,,,,,45.8-47.3%,,,,,
,,,,,,,,,67.9-70.0%,,,,,
,,,,,,,,,67.9-70.0%,,,,,
,,,,,,,,,59.3-61.1%,,,,,
,,,,,,,,,59.3-61.1%,,,,,
,,,,,,,,,59.6-61.4%,,,,,
,,,,,,,,,59.6-61.4%,,,,,
,,,,,,,,,69.8-72.0%,,,,,